,time,pole_lat,pole_lon,pole_angle
0,2220.0,17.352577375313864,-15.182712712525227,246.4756381484948
1,2120.0,51.83134297206124,116.87095477589982,-304.64125861563593
2,1980.0,36.951843364940174,111.50120367475523,-293.6997935583391
3,1880.0,16.896624242133928,150.5748311925806,-289.76266533066007
4,1800.0,0.2688945224650631,6.64679080591183,277.5904032924254
5,0.0,90.0,0.0,0.0
