,time,pole_lat,pole_lon,pole_angle
0,1750.0,7.57598050606,-170.498597737,-289.202655111
1,1600.0,26.6854413696,-175.071175625,-264.710614786
2,1450.0,25.2380150656,171.074304218,-226.473362235
3,1300.0,46.8947354473,177.802099208,-220.631781016
4,1150.0,67.6586,-157.6997,-212.8528
5,1000.0,29.80446153,147.94253324,-172.404842743
6,850.0,41.0142371474,158.655450974,-159.436766739
7,700.0,44.7048965309,179.774401153,-158.264810536
8,550.0,42.5466928219,-173.099976689,-160.211625178
