,time,pole_lat,pole_lon,pole_angle
0,1750.0,4.3448789623570585,-170.04724016693237,-287.4997784838917
1,1600.0,26.68544136956859,-175.07117562524627,-264.71061478572574
2,1450.0,25.238015065576388,171.07430421846644,-226.47336223487383
3,1300.0,46.89473544726924,177.80209920789653,-220.6317810155674
4,1150.0,67.6586,-157.6997,-212.8528
5,1000.0,29.80446153004083,147.94253324027702,-172.40484274288127
6,850.0,41.01423714742618,158.65545097378737,-159.43676673869513
7,700.0,44.70489653091967,179.77440115254421,-158.26481053637093
8,550.0,42.54669282191607,-173.09997668939914,-160.21162517845295
