,time,pole_lat,pole_lon,pole_angle
0,2220.0,3.8069280128918326,32.56165068199632,223.88807450573688
1,2120.0,14.219098296148434,-164.58070369560394,-229.20013272947259
2,1980.0,22.532855034013163,31.213297817196676,271.9536099713809
3,1880.0,1.5616239937034702,-171.68096040492992,-254.94976960675848
4,1800.0,0.2688945224650631,6.64679080591183,277.5904032924254
5,0.0,90.0,0.0,0.0
