,time,pole_lat,pole_lon,pole_angle
0,2220.0,24.330928960071304,-13.037419173427343,239.90461635432047
1,2120.0,36.952073305941845,121.31931491353204,-306.535168001981
2,1980.0,25.197263683306023,116.88149219067232,-292.1972289198467
3,1880.0,16.896624242133928,150.5748311925806,-289.76266533066007
4,1800.0,0.2688945224650631,6.64679080591183,277.5904032924254
5,0.0,90.0,0.0,0.0
