,time,pole_lat,pole_lon,pole_angle
0,2220.0,90.0,0.0,0.0
1,2120.0,90.0,0.0,0.0
2,1980.0,90.0,0.0,0.0
3,1880.0,1.5616239937034702,-171.68096040492992,-254.94976960675848
4,1800.0,0.2688945224650631,6.64679080591183,277.5904032924254
5,0.0,90.0,0.0,0.0
